{
  "hash": "4513e7b1",
  "configHash": "17a08a9f",
  "lockfileHash": "d8668f35",
  "browserHash": "9013a472",
  "optimized": {
    "@angular/common/http": {
      "src": "../../../../../../node_modules/@angular/common/fesm2022/http.mjs",
      "file": "@angular_common_http.js",
      "fileHash": "a9f06e94",
      "needsInterop": false
    },
    "@angular/core": {
      "src": "../../../../../../node_modules/@angular/core/fesm2022/core.mjs",
      "file": "@angular_core.js",
      "fileHash": "dcec5e06",
      "needsInterop": false
    },
    "@angular/forms": {
      "src": "../../../../../../node_modules/@angular/forms/fesm2022/forms.mjs",
      "file": "@angular_forms.js",
      "fileHash": "cd953f6a",
      "needsInterop": false
    },
    "@angular/platform-browser": {
      "src": "../../../../../../node_modules/@angular/platform-browser/fesm2022/platform-browser.mjs",
      "file": "@angular_platform-browser.js",
      "fileHash": "5a262ebb",
      "needsInterop": false
    },
    "@angular/router": {
      "src": "../../../../../../node_modules/@angular/router/fesm2022/router.mjs",
      "file": "@angular_router.js",
      "fileHash": "caaa19b9",
      "needsInterop": false
    },
    "@angular/common": {
      "src": "../../../../../../node_modules/@angular/common/fesm2022/common.mjs",
      "file": "@angular_common.js",
      "fileHash": "f8940a9a",
      "needsInterop": false
    }
  },
  "chunks": {
    "chunk-OUVTEK2C": {
      "file": "chunk-OUVTEK2C.js"
    },
    "chunk-MTJBE7KY": {
      "file": "chunk-MTJBE7KY.js"
    },
    "chunk-7KQEO4MB": {
      "file": "chunk-7KQEO4MB.js"
    },
    "chunk-S5YUGYJR": {
      "file": "chunk-S5YUGYJR.js"
    },
    "chunk-PBHXNFQD": {
      "file": "chunk-PBHXNFQD.js"
    }
  }
}